"Title","Company","Location","Remote","Source","Published","First seen","Last seen","Status","URL"
"Quality Assurance Engineer - Manual ((US Day Time (SL Night Time))","iLabs","Colombo · Sri Lanka","false","JobEka IT Software & Design","","2026-09-20T16:21:32.939Z","2026-09-20T16:21:32.939Z","new","https://jobeka.lk/jobs/Quality-Assurance-Engineer-1363406"
"Associate Flutter Developer","iLabs","Colombo · Sri Lanka","false","JobEka IT Software & Design","","2026-09-20T16:21:32.939Z","2026-09-20T16:21:32.939Z","new","https://jobeka.lk/jobs/Associate-Flutter-Developer-1363409"
"Senior JAVA Full Stack Developer","iLabs","Colombo · Sri Lanka","false","JobEka IT Software & Design","","2026-09-20T16:21:32.939Z","2026-09-20T16:21:32.939Z","new","https://jobeka.lk/jobs/Senior-JAVA-Full-Stack-Developer-1363550"
"Senior Mobile Frontend Developer (Android, iOS / React Native, Java)","iLabs","Colombo · Sri Lanka","false","JobEka IT Software & Design","","2026-09-20T16:21:32.939Z","2026-09-20T16:21:32.939Z","new","https://jobeka.lk/jobs/Senior-Mobile-Frontend-Developer--Android--iOS---React-Native--Java--1363549"
"Senior Quality Assurance Engineer - Automation","iLabs","Colombo · Sri Lanka","false","JobEka IT Software & Design","","2026-09-20T16:21:32.939Z","2026-09-20T16:21:32.939Z","new","https://jobeka.lk/jobs/Senior-Quality-Assurance-Engineer---Automation-1363475"
"Front-End Intern - NextJS / ReactJS (US Day Time (SL Night Time))","iLabs","Colombo · Sri Lanka","false","JobEka IT Software & Design","","2026-09-20T16:21:32.939Z","2026-09-20T16:21:32.939Z","new","https://jobeka.lk/jobs/Front-End-Intern---NextJS---ReactJS--US-Day-Time--SL-Night-Time---1363456"
"Senior Software Engineer - Next.js/React.js @ilabs","iLabs","Colombo · Sri Lanka","false","JobEka IT Software & Design","","2026-09-20T16:21:32.939Z","2026-09-20T16:21:32.939Z","new","https://jobeka.lk/jobs/Senior-Software-Engineer---Next-js-React-js--ilabs-1363447"
"Associate Data Engineer / Data Engineer","iLabs","Colombo · Sri Lanka","false","JobEka IT Software & Design","","2026-09-20T16:21:32.939Z","2026-09-20T16:21:32.939Z","new","https://jobeka.lk/jobs/Associate-Data-Engineer---Data-Engineer-1363591"
"L2 Support Engineer (Remote)","Rhino Partners","Global Worldwide · Sri Lanka","true","JobEka IT Software & Design","","2026-09-20T16:21:32.939Z","2026-09-20T16:21:32.939Z","new","https://jobeka.lk/jobs/Rhino-Partners-L2-Support-Engineer-Remote-2024-12-02-1363410"
"Level 3 Help Desk Lead","Dijital Team","Colombo","true","Dijital Team","","2026-09-20T15:38:37.323Z","2026-09-20T15:38:37.323Z","new","https://jobs.lever.co/dijital-team-pty-ltd/ad1f435b-f09e-41d3-a85a-0eed7f28d867"
"Quality Assurance Tester","Dijital Team","Colombo","false","Dijital Team","","2026-09-20T15:38:37.323Z","2026-09-20T15:38:37.323Z","new","https://jobs.lever.co/dijital-team-pty-ltd/6a1d743b-c54e-423a-b852-3ed75c8bae54"
"Senior Automation Engineer","Dijital Team","Colombo","true","Dijital Team","","2026-09-20T15:38:37.323Z","2026-09-20T15:38:37.323Z","new","https://jobs.lever.co/dijital-team-pty-ltd/4d7477e5-e0fa-4f68-b874-a528cfa1ebda"
"Senior Engineer - M365, Cloud, Networking & Security","Dijital Team","Colombo","true","Dijital Team","","2026-09-20T15:38:37.323Z","2026-09-20T15:38:37.323Z","new","https://jobs.lever.co/dijital-team-pty-ltd/8392354a-4a0c-4b58-870c-e8c35e92392e"
"Senior Infrastructure Service Desk Engineer - MSP","Dijital Team","Colombo","true","Dijital Team","","2026-09-20T15:38:37.323Z","2026-09-20T15:38:37.323Z","new","https://jobs.lever.co/dijital-team-pty-ltd/06715768-6c37-44db-bacd-07bec9b406bc"
"Senior Software Engineer - Laravel","Dijital Team","Colombo","true","Dijital Team","","2026-09-20T15:38:37.323Z","2026-09-20T15:38:37.323Z","new","https://jobs.lever.co/dijital-team-pty-ltd/39bf1855-0f0d-493f-9f42-9dbf17b9b4ef"
"Senior Tableau Developer","Dijital Team","Colombo","true","Dijital Team","","2026-09-20T15:38:37.323Z","2026-09-20T15:38:37.323Z","new","https://jobs.lever.co/dijital-team-pty-ltd/2fdd0647-6548-4c27-be54-34daacc8e593"
"Technical Lead – Systems Engineering","Dijital Team","Colombo","false","Dijital Team","","2026-09-20T15:38:37.323Z","2026-09-20T15:38:37.323Z","new","https://jobs.lever.co/dijital-team-pty-ltd/403e9d95-fa28-4dea-b4e8-8d37dd6ed90e"
"Windows Server Engineer","Dijital Team","Colombo","true","Dijital Team","","2026-09-20T15:38:37.323Z","2026-09-20T15:38:37.323Z","new","https://jobs.lever.co/dijital-team-pty-ltd/0990f008-085f-46a7-a60a-018b1cbb4086"
"Full Stack Developer (React/ Angular)","Dijital Team","Colombo","true","Dijital Team","","2026-09-20T15:38:37.323Z","2026-09-20T15:38:37.323Z","saved","https://jobs.lever.co/dijital-team-pty-ltd/d6044479-8259-4cad-96db-438e8e59f432"
"Automation Engineer - Rewst","Dijital Team","Colombo","true","Dijital Team","","2026-09-20T15:38:37.323Z","2026-09-20T15:38:37.323Z","new","https://jobs.lever.co/dijital-team-pty-ltd/c6a1d6eb-e89c-4495-90fd-3f70ce6578ef"
"L2 Network Engineer","Dijital Team","Colombo","true","Dijital Team","","2026-09-20T15:38:37.323Z","2026-09-20T15:38:37.323Z","new","https://jobs.lever.co/dijital-team-pty-ltd/561bf5fb-e511-4edf-884f-a13d0d57cc9c"
"L2 Support Engineer – Microsoft 365, Networking & Security","Dijital Team","Colombo","true","Dijital Team","","2026-09-20T15:38:37.323Z","2026-09-20T15:38:37.323Z","new","https://jobs.lever.co/dijital-team-pty-ltd/c30d91c9-4bbc-48b3-b975-5b3185159818"
"L3 - Systems and Network Engineer","Dijital Team","Sri Lanka","true","Dijital Team","","2026-09-20T15:38:37.323Z","2026-09-20T15:38:37.323Z","new","https://jobs.lever.co/dijital-team-pty-ltd/c3120a05-2b78-41f9-baca-38411bbf6f82"
"L3 Engineer – Microsoft Cloud, SaaS & Security","Dijital Team","Colombo","true","Dijital Team","","2026-09-20T15:38:37.323Z","2026-09-20T15:38:37.323Z","new","https://jobs.lever.co/dijital-team-pty-ltd/2e487409-abe3-428a-b60a-81fcc4125afe"
"L3 Support Engineer","Dijital Team","Sri Lanka","true","Dijital Team","","2026-09-20T15:38:37.323Z","2026-09-20T15:38:37.323Z","new","https://jobs.lever.co/dijital-team-pty-ltd/1eb7efdd-3607-4ab0-83a0-9334d9005f92"
"L3 Systems Engineer (Systems, Networking & Security)","Dijital Team","Sri Lanka","true","Dijital Team","","2026-09-20T15:38:37.323Z","2026-09-20T15:38:37.323Z","new","https://jobs.lever.co/dijital-team-pty-ltd/d7be2e7f-f34f-4d4f-a42e-e41579bc82c1"
"Level 3 AWS Cloud Engineer","Dijital Team","Colombo","true","Dijital Team","","2026-09-20T15:38:37.323Z","2026-09-20T15:38:37.323Z","new","https://jobs.lever.co/dijital-team-pty-ltd/eede9b76-f99a-41e3-85d3-16d9e51f3632"
"Level 3 Azure Cloud Engineer","Dijital Team","Colombo","false","Dijital Team","","2026-09-20T15:38:37.323Z","2026-09-20T15:38:37.323Z","new","https://jobs.lever.co/dijital-team-pty-ltd/517c69d3-b798-4157-b504-6bcd076c2ea6"
"Software Developer at Sathuta International (Pvt) Ltd","Sathuta International (Pvt) Ltd","Kurunegala · Sri Lanka","false","ITPro.lk","2026-09-20T14:28:43.000Z","2026-09-20T15:38:41.746Z","2026-09-20T15:38:41.746Z","new","https://itpro.lk/job/15177/software-developer-at-sathuta-international-pvt-ltd/"
"Software Developer","Sathuta International (Pvt) Ltd","Kurunegala · Sri Lanka","false","ITPro Software Engineering","2026-09-20T14:28:43.000Z","2026-09-20T16:21:20.419Z","2026-09-20T16:21:20.419Z","new","https://itpro.lk/job/15177/software-developer-at-sathuta-international-pvt-ltd/"
"Quality Assurance Internship at Portal (PVT) LTD","Portal (PVT) LTD","Remote · Sri Lanka","true","ITPro.lk","2026-09-20T07:48:51.000Z","2026-09-20T15:38:41.746Z","2026-09-20T15:38:41.746Z","new","https://itpro.lk/job/15175/quality-assurance-internship-at-portal-pvt-ltd/"
"DevOps Trainee at X-Venture","X-Venture","Colombo · Sri Lanka","false","ITPro.lk","2026-09-20T04:43:18.000Z","2026-09-20T15:38:41.746Z","2026-09-20T15:38:41.746Z","new","https://itpro.lk/job/15174/devops-trainee-at-x-venture/"
"IT Risk Specialist - (Deputy Manager | Assistant Manager Grade)","Merchant Bank of Sri Lanka & Finance PLC (MBSL)","Colombo 3 · Sri Lanka","false","TopJobs Software Development","2026-09-19T18:30:00.000Z","2026-09-20T16:21:43.469Z","2026-09-20T16:21:43.469Z","new","https://www.topjobs.lk/employer/JobAdvertismentServlet?rid=6&ac=DEFZZZ&jc=0001546072&ec=DEFZZZ&pg=applicant/vacancybyfunctionalarea.jsp"
"Head of Department (Cloud ERP or PAYHRIS)-Colombo (1)","Konnect Net Pvt Ltd","Colombo · Sri Lanka","false","TopJobs Software Development","2026-09-19T18:30:00.000Z","2026-09-20T16:21:43.469Z","2026-09-20T16:21:43.469Z","new","https://www.topjobs.lk/employer/JobAdvertismentServlet?rid=10&ac=0000000385&jc=0001542410&ec=0000000505&pg=applicant/vacancybyfunctionalarea.jsp"
"Quality Assurance Engineers","Prima Management Services (Pvt) Ltd","Rajagiriya · Sri Lanka","false","TopJobs Software Development","2026-09-19T18:30:00.000Z","2026-09-20T16:21:43.469Z","2026-09-20T16:21:43.469Z","new","https://www.topjobs.lk/employer/JobAdvertismentServlet?rid=9&ac=DEFZZZ&jc=0001545623&ec=DEFZZZ&pg=applicant/vacancybyfunctionalarea.jsp"
"AI + Junior Mobile App Developer - React Native","Nascent Group","Kottawa · Sri Lanka","false","TopJobs Software Development","2026-09-19T18:30:00.000Z","2026-09-20T16:21:43.469Z","2026-09-20T16:21:43.469Z","new","https://www.topjobs.lk/employer/JobAdvertismentServlet?rid=8&ac=DEFZZZ&jc=0001545702&ec=DEFZZZ&pg=applicant/vacancybyfunctionalarea.jsp"
"React Js | QA | System Intern | BO Intern","Capsicum Labs","All island · Sri Lanka","false","TopJobs Software Development","2026-09-19T18:30:00.000Z","2026-09-20T16:21:43.469Z","2026-09-20T16:21:43.469Z","new","https://www.topjobs.lk/employer/JobAdvertismentServlet?rid=7&ac=DEFZZZ&jc=0001545762&ec=DEFZZZ&pg=applicant/vacancybyfunctionalarea.jsp"
"Software Engineer - Web | Senior Software Engineer - Web & Software Engineer - Desktop","Afisol (Pvt) Ltd","Kottawa · Sri Lanka","false","TopJobs Software Development","2026-09-19T18:30:00.000Z","2026-09-20T16:21:43.469Z","2026-09-20T16:21:43.469Z","new","https://www.topjobs.lk/employer/JobAdvertismentServlet?rid=3&ac=DEFZZZ&jc=0001547485&ec=DEFZZZ&pg=applicant/vacancybyfunctionalarea.jsp"
"Quality Assurance - Intern at Qdesk AI Pvt Ltd","Qdesk AI Pvt Ltd","Kandy · Sri Lanka","false","ITPro.lk","2026-09-19T16:56:57.000Z","2026-09-20T15:38:41.746Z","2026-09-20T15:38:41.746Z","new","https://itpro.lk/job/15173/quality-assurance-intern-at-qdesk-ai-pvt-ltd/"
"Software Engineering Intern","Ceymplon (Pvt) Ltd","Jaffna · Sri Lanka","false","ITPro Software Engineering","2026-09-19T11:29:08.000Z","2026-09-20T16:21:20.419Z","2026-09-20T16:21:20.419Z","new","https://itpro.lk/job/15172/software-engineering-intern-at-ceymplon-pvt-ltd/"
"Software Engineering Intern at Ceymplon (Pvt) Ltd","Ceymplon (Pvt) Ltd","Jaffna · Sri Lanka","false","ITPro.lk","2026-09-19T11:29:08.000Z","2026-09-20T15:38:41.746Z","2026-09-20T15:38:41.746Z","new","https://itpro.lk/job/15172/software-engineering-intern-at-ceymplon-pvt-ltd/"
"Senior / Technical Consultant at Platned","Platned","Colombo · Sri Lanka","false","ITPro.lk","2026-09-19T08:19:32.000Z","2026-09-20T15:38:41.746Z","2026-09-20T15:38:41.746Z","new","https://itpro.lk/job/15170/senior-technical-consultant-at-platned/"
"DevOps Engineer at X-Venture","X-Venture","Colombo · Sri Lanka","false","ITPro.lk","2026-09-19T08:08:38.000Z","2026-09-20T15:38:41.746Z","2026-09-20T15:38:41.746Z","new","https://itpro.lk/job/15169/devops-engineer-at-x-venture/"
"Graphic Designer & IT Support Executive at Inspire Engineering (Pvt) Ltd","Inspire Engineering (Pvt) Ltd","Yakkala · Sri Lanka","false","ITPro.lk","2026-09-19T02:56:34.000Z","2026-09-20T15:38:41.746Z","2026-09-20T15:38:41.746Z","new","https://itpro.lk/job/15166/graphic-designer-it-support-executive-at-inspire-engineering-pvt-ltd/"
"AI Prompt Engineer at Mahajana Super","Mahajana Super","Gampola · Sri Lanka","false","ITPro.lk","2026-09-19T02:32:47.000Z","2026-09-20T15:38:41.746Z","2026-09-20T15:38:41.746Z","new","https://itpro.lk/job/15165/ai-prompt-engineer-at-mahajana-super/"
"Frontend Web Application Developer","KoboToolbox","USA, Canada, Argentina, Mexico, Peru","true","Remotive","2026-09-18T16:43:22.000Z","2026-09-20T15:38:45.547Z","2026-09-20T15:38:45.547Z","new","https://remotive.com/remote-jobs/design/frontend-web-application-developer-2091141"
"Senior Shopify Developer","Sanctuary Computer Inc","Worldwide","true","Remotive","2026-09-18T15:10:28.000Z","2026-09-20T15:38:45.547Z","2026-09-20T15:38:45.547Z","new","https://remotive.com/remote-jobs/software-development/senior-shopify-developer-2091140"
"Lead Data / MDM Architect at EFutures","EFutures","Colombo · Sri Lanka","false","ITPro.lk","2026-09-18T13:26:29.000Z","2026-09-20T15:38:41.746Z","2026-09-20T15:38:41.746Z","new","https://itpro.lk/job/15162/lead-data-mdm-architect-at-efutures/"
"Senior AI Engineer","Lemon.io","Northern America, LATAM, Europe, APAC","true","Remotive","2026-09-18T12:23:56.000Z","2026-09-20T15:38:45.547Z","2026-09-20T15:38:45.547Z","new","https://remotive.com/remote-jobs/artificial-intelligence/senior-ai-engineer-2091131"
"System Support Engineer at Inbay Uptime Limited","Inbay Uptime Limited","Colombo · Sri Lanka","false","ITPro.lk","2026-09-18T10:51:26.000Z","2026-09-20T15:38:41.746Z","2026-09-20T15:38:41.746Z","new","https://itpro.lk/job/15161/system-support-engineer-at-inbay-uptime-limited/"
"DevOps Intern at Bevolv (Pvt) Ltd","Bevolv (Pvt) Ltd","Colombo · Sri Lanka","false","ITPro.lk","2026-09-18T09:50:45.000Z","2026-09-20T15:38:41.746Z","2026-09-20T15:38:41.746Z","new","https://itpro.lk/job/15157/devops-intern-at-bevolv-pvt-ltd/"
"QA Engineer Intern at KyranzIT Pvt Ltd","KyranzIT Pvt Ltd","Colombo · Sri Lanka","false","ITPro.lk","2026-09-18T09:40:42.000Z","2026-09-20T15:38:41.746Z","2026-09-20T15:38:41.746Z","new","https://itpro.lk/job/15156/qa-engineer-intern-at-kyranzit-pvt-ltd/"
"Associate QA Engineer – Automation at LAYOUTindex","LAYOUTindex","Colombo · Sri Lanka","false","ITPro.lk","2026-09-18T07:30:56.000Z","2026-09-20T15:38:41.746Z","2026-09-20T15:38:41.746Z","new","https://itpro.lk/job/15155/associate-qa-engineer-%e2%80%93-automation-at-layoutindex/"
"Associate Business Analyst at IMPACT IT","IMPACT IT","Colombo · Sri Lanka","false","ITPro.lk","2026-09-18T05:26:01.000Z","2026-09-20T15:38:41.746Z","2026-09-20T15:38:41.746Z","new","https://itpro.lk/job/15154/associate-business-analyst-at-impact-it/"
"Senior Business Analyst - Data & Master Data Management at EFutures","EFutures","Colombo · Sri Lanka","false","ITPro.lk","2026-09-18T05:17:04.000Z","2026-09-20T15:38:41.746Z","2026-09-20T15:38:41.746Z","new","https://itpro.lk/job/15153/senior-business-analyst-data-master-data-management-at-efutures/"
"Information Security Analyst at CMS (Pvt) Ltd","CMS (Pvt) Ltd","Colombo · Sri Lanka","false","ITPro.lk","2026-09-18T05:00:30.000Z","2026-09-20T15:38:41.746Z","2026-09-20T15:38:41.746Z","new","https://itpro.lk/job/14582/information-security-analyst-at-cms-pvt-ltd/"
"Software Engineering Internship","NeonLabz","Jaffna · Sri Lanka","false","ITPro Software Engineering","2026-09-18T04:59:50.000Z","2026-09-20T16:21:20.419Z","2026-09-20T16:21:20.419Z","new","https://itpro.lk/job/15152/software-engineering-internship-at-neonlabz/"
"Full Stack Software Engineer","Garlic Collective","Remote · Sri Lanka","true","ITPro Software Engineering","2026-09-18T03:05:42.000Z","2026-09-20T16:21:20.419Z","2026-09-20T16:21:20.419Z","new","https://itpro.lk/job/15146/full-stack-software-engineer-at-garlic-collective/"
"Junior Software Engineer","eHealthcare Solutions (Pvt) Ltd","Colombo · Sri Lanka","false","ITPro Software Engineering","2026-09-18T02:58:00.000Z","2026-09-20T16:21:20.419Z","2026-09-20T16:21:20.419Z","new","https://itpro.lk/job/15145/junior-software-engineer-at-ehealthcare-solutions-pvt-ltd/"
"Intern Software Engineer","Codimite","Colombo · Sri Lanka","false","ITPro Software Engineering","2026-09-17T21:14:09.000Z","2026-09-20T16:21:20.419Z","2026-09-20T16:21:20.419Z","new","https://itpro.lk/job/15140/intern-software-engineer-at-codimite/"
"Information Security Engineer  (1)","CMS (Pvt) Ltd","Colombo 2 · Sri Lanka","false","TopJobs Software Development","2026-09-17T18:30:00.000Z","2026-09-20T16:21:43.469Z","2026-09-20T16:21:43.469Z","new","https://www.topjobs.lk/employer/JobAdvertismentServlet?rid=28&ac=0000000271&jc=0001539697&ec=0000000350&pg=applicant/vacancybyfunctionalarea.jsp"
"Software Engineering - Intern","Gunda Power (Private) Limited","Rajagiriya · Sri Lanka","false","TopJobs Software Development","2026-09-17T18:30:00.000Z","2026-09-20T16:21:43.469Z","2026-09-20T16:21:43.469Z","new","https://www.topjobs.lk/employer/JobAdvertismentServlet?rid=13&ac=DEFZZZ&jc=0001550305&ec=DEFZZZ&pg=applicant/vacancybyfunctionalarea.jsp"
"System Engineer - ATM/Debit Card Applications Support","BOC IT Solutions (Pvt) Ltd","Colombo 1 · Sri Lanka","false","TopJobs Software Development","2026-09-17T18:30:00.000Z","2026-09-20T16:21:43.469Z","2026-09-20T16:21:43.469Z","new","https://www.topjobs.lk/employer/JobAdvertismentServlet?rid=17&ac=DEFZZZ&jc=0001550032&ec=DEFZZZ&pg=applicant/vacancybyfunctionalarea.jsp"
"Information Security Analyst (1)","CMS (Pvt) Ltd","Colombo 3 · Sri Lanka","false","TopJobs Software Development","2026-09-17T18:30:00.000Z","2026-09-20T16:21:43.469Z","2026-09-20T16:21:43.469Z","new","https://www.topjobs.lk/employer/JobAdvertismentServlet?rid=31&ac=0000000271&jc=0001532706&ec=0000000350&pg=applicant/vacancybyfunctionalarea.jsp"
"Junior C++ Developer - Full Time","Elsteel (Pvt) Ltd","Katunayaka · Sri Lanka","false","TopJobs Software Development","2026-09-17T18:30:00.000Z","2026-09-20T16:21:43.469Z","2026-09-20T16:21:43.469Z","new","https://www.topjobs.lk/employer/JobAdvertismentServlet?rid=21&ac=DEFZZZ&jc=0001550004&ec=DEFZZZ&pg=applicant/vacancybyfunctionalarea.jsp"
"Senior Executive / Assistant Manager - Data Engineer (1)","Inqube Global (Private) Ltd","Aturugiriya · Sri Lanka","false","TopJobs Software Development","2026-09-17T18:30:00.000Z","2026-09-20T16:21:43.469Z","2026-09-20T16:21:43.469Z","new","https://www.topjobs.lk/employer/JobAdvertismentServlet?rid=25&ac=0000000191&jc=0001549829&ec=0000000226&pg=applicant/vacancybyfunctionalarea.jsp"
"Data Platform Engineer (1)","CMS (Pvt) Ltd","Colombo 3 · Sri Lanka","false","TopJobs Software Development","2026-09-17T18:30:00.000Z","2026-09-20T16:21:43.469Z","2026-09-20T16:21:43.469Z","new","https://www.topjobs.lk/employer/JobAdvertismentServlet?rid=30&ac=0000000271&jc=0001533297&ec=0000000350&pg=applicant/vacancybyfunctionalarea.jsp"
".NET Full-stack Developer / Software Engineer","Goodhope Asia Holdings Ltd","Colombo · Sri Lanka","false","ITPro Software Engineering","2026-09-17T14:54:33.000Z","2026-09-20T16:21:20.419Z","2026-09-20T16:21:20.419Z","new","https://itpro.lk/job/14720/net-full-stack-developer-software-engineer-at-goodhope-asia-holdings-ltd/"
"Senior .NET Full-stack Developer","Lemon.io","Northern America, LATAM, Europe, APAC","true","Remotive","2026-09-17T13:22:05.000Z","2026-09-20T15:38:45.547Z","2026-09-20T15:38:45.547Z","new","https://remotive.com/remote-jobs/software-development/senior-net-full-stack-developer-2091130"
"Intern Software Engineer","ChiOX Software Solution LLC","Colombo · Sri Lanka","false","ITPro Software Engineering","2026-09-16T20:26:53.000Z","2026-09-20T16:21:20.419Z","2026-09-20T16:21:20.419Z","new","https://itpro.lk/job/15124/intern-software-engineer-at-chiox-software-solution-llc/"
"Associate Software Engineer","ChiOX Software Solution LLC","Colombo · Sri Lanka","false","ITPro Software Engineering","2026-09-16T20:22:09.000Z","2026-09-20T16:21:20.419Z","2026-09-20T16:21:20.419Z","new","https://itpro.lk/job/15123/associate-software-engineer-at-chiox-software-solution-llc/"
"Data Engineer (1)","Expolanka Freight (Pvt) Ltd","Location not listed · Sri Lanka","false","TopJobs Software Development","2026-09-16T18:30:00.000Z","2026-09-20T16:21:43.469Z","2026-09-20T16:21:43.469Z","new","https://www.topjobs.lk/employer/JobAdvertismentServlet?rid=39&ac=0000000280&jc=0001549228&ec=0000000510&pg=applicant/vacancybyfunctionalarea.jsp"
"Full Stack Developer","KD Marketing Group","Remote · Sri Lanka","true","ITPro Software Engineering","2026-09-16T17:59:40.000Z","2026-09-20T16:21:20.419Z","2026-09-20T16:21:20.419Z","new","https://itpro.lk/job/15122/full-stack-developer-at-kd-marketing-group/"
"Software Developer – Intern","Theiavora","Remote · Sri Lanka","true","ITPro Software Engineering","2026-09-16T17:04:34.000Z","2026-09-20T16:21:20.419Z","2026-09-20T16:21:20.419Z","new","https://itpro.lk/job/15121/software-developer-%e2%80%93-intern-at-theiavora/"
"Software Engineer – Full Stack","Hatchyard","Colombo · Sri Lanka","false","ITPro Software Engineering","2026-09-16T13:29:48.000Z","2026-09-20T16:21:20.419Z","2026-09-20T16:21:20.419Z","new","https://itpro.lk/job/15114/software-engineer-%e2%80%93-full-stack-at-hatchyard/"
"Senior Data Scientist","Lemon.io","Northern America, LATAM, Europe, APAC","true","Remotive","2026-09-16T12:35:28.000Z","2026-09-20T15:38:45.547Z","2026-09-20T15:38:45.547Z","new","https://remotive.com/remote-jobs/data/senior-data-scientist-2091129"
"Senior Software Developer (Project Basis)","Webtezza (Pvt) Ltd","Remote · Sri Lanka","true","ITPro Software Engineering","2026-09-16T11:43:55.000Z","2026-09-20T16:21:20.419Z","2026-09-20T16:21:20.419Z","new","https://itpro.lk/job/15112/senior-software-developer-project-basis-at-webtezza-pvt-ltd/"
"Senior Independent Software Developer","A.Team","Americas, Europe, Israel","true","Remotive","2026-09-16T10:10:59.000Z","2026-09-20T15:38:45.547Z","2026-09-20T15:38:45.547Z","new","https://remotive.com/remote-jobs/software-development/senior-independent-software-developer-1919265"
"Senior Independent AI Engineer / Architect","A.Team","Americas, Europe, Israel","true","Remotive","2026-09-16T10:10:53.000Z","2026-09-20T15:38:45.547Z","2026-09-20T15:38:45.547Z","new","https://remotive.com/remote-jobs/software-development/senior-independent-ai-engineer-architect-1919266"
"Senior Linux Server Administrator (Enterprise Systems & Database Platforms)","Company Name With Held","Colombo 8 · Sri Lanka","false","TopJobs Software Development","2026-09-15T18:30:00.000Z","2026-09-20T16:21:43.469Z","2026-09-20T16:21:43.469Z","new","https://www.topjobs.lk/employer/JobAdvertismentServlet?rid=62&ac=DEFZZZ&jc=0001548637&ec=DEFZZZ&pg=applicant/vacancybyfunctionalarea.jsp"
"Solution Engineer / Infrastructure Automation and AI (1)","Jobfactory","Malabe · Sri Lanka","false","TopJobs Software Development","2026-09-15T18:30:00.000Z","2026-09-20T16:21:43.469Z","2026-09-20T16:21:43.469Z","new","https://www.topjobs.lk/employer/JobAdvertismentServlet?rid=42&ac=0000000375&jc=0001549106&ec=0000000492&pg=applicant/vacancybyfunctionalarea.jsp"
"Software Developer","Sathuta Builders (Pvt) Ltd","Kurunegala · Sri Lanka","false","TopJobs Software Development","2026-09-15T18:30:00.000Z","2026-09-20T16:21:43.469Z","2026-09-20T16:21:43.469Z","new","https://www.topjobs.lk/employer/JobAdvertismentServlet?rid=64&ac=DEFZZZ&jc=0001548572&ec=DEFZZZ&pg=applicant/vacancybyfunctionalarea.jsp"
"Associate | UI | UX Designer","TechSense","Homagama · Sri Lanka","false","TopJobs Software Development","2026-09-15T18:30:00.000Z","2026-09-20T16:21:43.469Z","2026-09-20T16:21:43.469Z","new","https://www.topjobs.lk/employer/JobAdvertismentServlet?rid=50&ac=DEFZZZ&jc=0001548944&ec=DEFZZZ&pg=applicant/vacancybyfunctionalarea.jsp"
"Intern - UI/UX Engineer","Epic Lanka (Pvt) Ltd","Battaramulla · Sri Lanka","false","TopJobs Software Development","2026-09-15T18:30:00.000Z","2026-09-20T16:21:43.469Z","2026-09-20T16:21:43.469Z","new","https://www.topjobs.lk/employer/JobAdvertismentServlet?rid=55&ac=0000000484&jc=0001548848&ec=0000000651&pg=applicant/vacancybyfunctionalarea.jsp"
"Backend Developer","True Foam (Pvt) Ltd","Pelawatte (Battaramulla) · Sri Lanka","false","TopJobs Software Development","2026-09-15T18:30:00.000Z","2026-09-20T16:21:43.469Z","2026-09-20T16:21:43.469Z","new","https://www.topjobs.lk/employer/JobAdvertismentServlet?rid=56&ac=DEFZZZ&jc=0001548797&ec=DEFZZZ&pg=applicant/vacancybyfunctionalarea.jsp"
"IT Executive - Virtualization & Cloud Infrastructure","Cargills Bank PLC","Colombo 3 · Sri Lanka","false","TopJobs Software Development","2026-09-15T18:30:00.000Z","2026-09-20T16:21:43.469Z","2026-09-20T16:21:43.469Z","new","https://www.topjobs.lk/employer/JobAdvertismentServlet?rid=57&ac=DEFZZZ&jc=0001548724&ec=DEFZZZ&pg=applicant/vacancybyfunctionalarea.jsp"
"Lead Oracle Integration Cloud (OIC) Consultant - REF9202 (1)","Creative Software","Location not listed · Sri Lanka","false","TopJobs Software Development","2026-09-15T18:30:00.000Z","2026-09-20T16:21:43.469Z","2026-09-20T16:21:43.469Z","new","https://www.topjobs.lk/employer/JobAdvertismentServlet?rid=58&ac=0000000176&jc=0001548717&ec=0000000211&pg=applicant/vacancybyfunctionalarea.jsp"
"Senior Engineer - Business Intelligence  (1)","Expolanka Freight (Pvt) Ltd","Location not listed · Sri Lanka","false","TopJobs Software Development","2026-09-15T18:30:00.000Z","2026-09-20T16:21:43.469Z","2026-09-20T16:21:43.469Z","new","https://www.topjobs.lk/employer/JobAdvertismentServlet?rid=60&ac=0000000280&jc=0001548693&ec=0000000510&pg=applicant/vacancybyfunctionalarea.jsp"
"Associate Engineer - Business Intelligence   (1)","Expolanka Freight (Pvt) Ltd","Colombo · Sri Lanka","false","TopJobs Software Development","2026-09-15T18:30:00.000Z","2026-09-20T16:21:43.469Z","2026-09-20T16:21:43.469Z","new","https://www.topjobs.lk/employer/JobAdvertismentServlet?rid=61&ac=0000000280&jc=0001548692&ec=0000000510&pg=applicant/vacancybyfunctionalarea.jsp"
"Software Engineer - Java","DirectFN","Colombo · Sri Lanka","false","ITPro Software Engineering","2026-09-15T15:09:58.000Z","2026-09-20T16:21:20.419Z","2026-09-20T16:21:20.419Z","new","https://itpro.lk/job/14104/software-engineer-java-at-directfn/"
"Tech Lead Full-Stack Rails Engineer","Mitre Media","USA, Canada, USA timezones","true","Remotive","2026-09-14T20:33:27.000Z","2026-09-20T15:38:45.547Z","2026-09-20T15:38:45.547Z","new","https://remotive.com/remote-jobs/software-development/tech-lead-full-stack-rails-engineer-2069746"
"DevOps Engineer","X-Venture Global Solutions (Pvt) Ltd","Colombo · Sri Lanka","false","TopJobs Software Development","2026-09-14T18:30:00.000Z","2026-09-20T16:21:43.469Z","2026-09-20T16:21:43.469Z","new","https://www.topjobs.lk/employer/JobAdvertismentServlet?rid=72&ac=DEFZZZ&jc=0001548310&ec=DEFZZZ&pg=applicant/vacancybyfunctionalarea.jsp"
"QA Engineer","Epic Lanka (Pvt) Ltd","Battaramulla · Sri Lanka","false","TopJobs Software Development","2026-09-14T18:30:00.000Z","2026-09-20T16:21:43.469Z","2026-09-20T16:21:43.469Z","new","https://www.topjobs.lk/employer/JobAdvertismentServlet?rid=66&ac=0000000484&jc=0001548399&ec=0000000651&pg=applicant/vacancybyfunctionalarea.jsp"
"DevOps Trainee","X-Venture Global Solutions (Pvt) Ltd","Colombo · Sri Lanka","false","TopJobs Software Development","2026-09-14T18:30:00.000Z","2026-09-20T16:21:43.469Z","2026-09-20T16:21:43.469Z","new","https://www.topjobs.lk/employer/JobAdvertismentServlet?rid=74&ac=DEFZZZ&jc=0001548303&ec=DEFZZZ&pg=applicant/vacancybyfunctionalarea.jsp"
"Junior Trainee Software Developer","Hedanship Asia Pvt Ltd","Ja-Ela · Sri Lanka","false","TopJobs Software Development","2026-09-14T18:30:00.000Z","2026-09-20T16:21:43.469Z","2026-09-20T16:21:43.469Z","new","https://www.topjobs.lk/employer/JobAdvertismentServlet?rid=76&ac=DEFZZZ&jc=0001548281&ec=DEFZZZ&pg=applicant/vacancybyfunctionalarea.jsp"
"Office IT Assistant","Oracle Project Development Consultants","Dubai · Sri Lanka","false","TopJobs Software Development","2026-09-14T18:30:00.000Z","2026-09-20T16:21:43.469Z","2026-09-20T16:21:43.469Z","new","https://www.topjobs.lk/employer/JobAdvertismentServlet?rid=77&ac=DEFZZZ&jc=0001548225&ec=DEFZZZ&pg=applicant/vacancybyfunctionalarea.jsp"
"Software Engineer Intern - Fullstack & Mobile Development","Finz Labs","Auckland · Sri Lanka","false","TopJobs Software Development","2026-09-14T18:30:00.000Z","2026-09-20T16:21:43.469Z","2026-09-20T16:21:43.469Z","new","https://www.topjobs.lk/employer/JobAdvertismentServlet?rid=79&ac=DEFZZZ&jc=0001548185&ec=DEFZZZ&pg=applicant/vacancybyfunctionalarea.jsp"
".NET Core C# Developer - Mid Level","Waterlily Labs","Batticaloa · Sri Lanka","false","ITPro Software Engineering","2026-09-14T15:51:45.000Z","2026-09-20T16:21:20.419Z","2026-09-20T16:21:20.419Z","new","https://itpro.lk/job/15096/net-core-c-developer-mid-level-at-waterlily-labs/"
"Tech Lead","Ossec Inc","Colombo · Sri Lanka","false","ITPro Software Engineering","2026-09-14T14:26:57.000Z","2026-09-20T16:21:20.419Z","2026-09-20T16:21:20.419Z","new","https://itpro.lk/job/14651/tech-lead-at-ossec-inc/"
"Software Engineer (.NET / React)","Verdentra","Colombo · Sri Lanka","false","ITPro Software Engineering","2026-09-14T14:22:48.000Z","2026-09-20T16:21:20.419Z","2026-09-20T16:21:20.419Z","new","https://itpro.lk/job/14197/software-engineer-net-react-at-verdentra/"
"Software Engineer Intern","Epinics","Kandy · Sri Lanka","false","ITPro Software Engineering","2026-09-14T13:01:35.000Z","2026-09-20T16:21:20.419Z","2026-09-20T16:21:20.419Z","new","https://itpro.lk/job/14338/software-engineer-intern-at-epinics/"
"Intern Software Engineer","Konekt Holdings (Pvt) Ltd","Dehiwala · Sri Lanka","false","ITPro Software Engineering","2026-09-14T07:47:50.000Z","2026-09-20T16:21:20.419Z","2026-09-20T16:21:20.419Z","new","https://itpro.lk/job/15087/intern-software-engineer-at-konekt-holdings-pvt-ltd/"
"Software Engineer - Full Stack (1)","DirectFN","Location not listed · Sri Lanka","false","TopJobs Software Development","2026-09-13T18:30:00.000Z","2026-09-20T16:21:43.469Z","2026-09-20T16:21:43.469Z","new","https://www.topjobs.lk/employer/JobAdvertismentServlet?rid=84&ac=0000000492&jc=0001547959&ec=0000000661&pg=applicant/vacancybyfunctionalarea.jsp"
"Software Engineer JAVA (1)","DirectFN","Location not listed · Sri Lanka","false","TopJobs Software Development","2026-09-13T18:30:00.000Z","2026-09-20T16:21:43.469Z","2026-09-20T16:21:43.469Z","new","https://www.topjobs.lk/employer/JobAdvertismentServlet?rid=83&ac=0000000492&jc=0001547960&ec=0000000661&pg=applicant/vacancybyfunctionalarea.jsp"
"Mobile Developer - iOS (1)","DirectFN","Location not listed · Sri Lanka","false","TopJobs Software Development","2026-09-13T18:30:00.000Z","2026-09-20T16:21:43.469Z","2026-09-20T16:21:43.469Z","new","https://www.topjobs.lk/employer/JobAdvertismentServlet?rid=86&ac=0000000492&jc=0001547956&ec=0000000661&pg=applicant/vacancybyfunctionalarea.jsp"
"AI Developer","SME Bizness (Pvt) Ltd","All island · Sri Lanka","false","TopJobs Software Development","2026-09-13T18:30:00.000Z","2026-09-20T16:21:43.469Z","2026-09-20T16:21:43.469Z","new","https://www.topjobs.lk/employer/JobAdvertismentServlet?rid=89&ac=DEFZZZ&jc=0001547800&ec=DEFZZZ&pg=applicant/vacancybyfunctionalarea.jsp"
"Web Developer Intern","Snow Soft (Pvt) Ltd","Ja-Ela · Sri Lanka","false","TopJobs Software Development","2026-09-13T18:30:00.000Z","2026-09-20T16:21:43.469Z","2026-09-20T16:21:43.469Z","new","https://www.topjobs.lk/employer/JobAdvertismentServlet?rid=82&ac=DEFZZZ&jc=0001548028&ec=DEFZZZ&pg=applicant/vacancybyfunctionalarea.jsp"
"Manager - Software Engineering","VitalHub Innovations Lab","Colombo · Sri Lanka","false","ITPro Software Engineering","2026-09-13T03:09:39.000Z","2026-09-20T16:21:20.419Z","2026-09-20T16:21:20.419Z","new","https://itpro.lk/job/14587/manager-software-engineering-at-vitalhub-innovations-lab/"
"Pre-Sales Intern (IT)","CreativeX Technology Pvt Ltd","Colombo · Sri Lanka","false","ITPro Software Engineering","2026-09-12T11:39:07.000Z","2026-09-20T16:21:20.419Z","2026-09-20T16:21:20.419Z","new","https://itpro.lk/job/15080/pre-sales-intern-it-at-creativex-technology-pvt-ltd/"
"Quality Assurance (QA) Intern","CreativeX Technology Pvt Ltd","Colombo · Sri Lanka","false","ITPro Software Engineering","2026-09-12T11:18:30.000Z","2026-09-20T16:21:20.419Z","2026-09-20T16:21:20.419Z","new","https://itpro.lk/job/15079/quality-assurance-qa-intern-at-creativex-technology-pvt-ltd/"
"Associate Software Engineer","Activ8 Asia","Colombo · Sri Lanka","false","ITPro Software Engineering","2026-09-11T22:07:24.000Z","2026-09-20T16:21:20.419Z","2026-09-20T16:21:20.419Z","new","https://itpro.lk/job/15075/associate-software-engineer-at-activ8-asia/"
"Remote Office Assistant","Coalition Technologies ","Worldwide","true","Remotive","2026-09-11T20:16:48.000Z","2026-09-20T15:38:45.547Z","2026-09-20T15:38:45.547Z","new","https://remotive.com/remote-jobs/marketing/remote-office-assistant-1680495"
"UI Design Intern","Simplebooks (Pvt) Ltd","Colombo 3 · Sri Lanka","false","TopJobs Software Development","2026-09-10T18:30:00.000Z","2026-09-20T16:21:43.469Z","2026-09-20T16:21:43.469Z","new","https://www.topjobs.lk/employer/JobAdvertismentServlet?rid=94&ac=DEFZZZ&jc=0001547329&ec=DEFZZZ&pg=applicant/vacancybyfunctionalarea.jsp"
"Associate Software Engineer","Activ8 Asia (Pvt) Ltd","Colombo 4 · Sri Lanka","false","TopJobs Software Development","2026-09-10T18:30:00.000Z","2026-09-20T16:21:43.469Z","2026-09-20T16:21:43.469Z","new","https://www.topjobs.lk/employer/JobAdvertismentServlet?rid=98&ac=DEFZZZ&jc=0001547242&ec=DEFZZZ&pg=applicant/vacancybyfunctionalarea.jsp"
"Data Analyst | IT","Techome Technologies (Pvt) Ltd","Colombo 6 · Sri Lanka","false","TopJobs Software Development","2026-09-10T18:30:00.000Z","2026-09-20T16:21:43.469Z","2026-09-20T16:21:43.469Z","new","https://www.topjobs.lk/employer/JobAdvertismentServlet?rid=99&ac=DEFZZZ&jc=0001547145&ec=DEFZZZ&pg=applicant/vacancybyfunctionalarea.jsp"
"Associate Software Engineer - Department of IT","Sri Lanka Institute of Information Technology (SLIIT)","Malabe · Sri Lanka","false","TopJobs Software Development","2026-09-10T18:30:00.000Z","2026-09-20T16:21:43.469Z","2026-09-20T16:21:43.469Z","new","https://www.topjobs.lk/employer/JobAdvertismentServlet?rid=101&ac=DEFZZZ&jc=0001547059&ec=DEFZZZ&pg=applicant/vacancybyfunctionalarea.jsp"
"Intern - Software Engineer","eArrow (Pvt) LTD","Colombo · Sri Lanka","false","ITPro Software Engineering","2026-09-10T05:17:43.000Z","2026-09-20T16:21:20.419Z","2026-09-20T16:21:20.419Z","new","https://itpro.lk/job/15059/intern-software-engineer-at-earrow-pvt-ltd/"
"Associate Software Engineer","eArrow (Pvt) LTD","Colombo · Sri Lanka","false","ITPro Software Engineering","2026-09-10T05:14:46.000Z","2026-09-20T16:21:20.419Z","2026-09-20T16:21:20.419Z","new","https://itpro.lk/job/15058/associate-software-engineer-at-earrow-pvt-ltd/"
"IT Manager - ERP Support","Home Lands Skyline (Pvt) Ltd","Battaramulla · Sri Lanka","false","TopJobs Software Development","2026-09-09T18:30:00.000Z","2026-09-20T16:21:43.469Z","2026-09-20T16:21:43.469Z","new","https://www.topjobs.lk/employer/JobAdvertismentServlet?rid=115&ac=DEFZZZ&jc=0001546652&ec=DEFZZZ&pg=applicant/vacancybyfunctionalarea.jsp"
"Laravel Developer Intern - Paid Internship","Oonewoo Tech (Pvt) Ltd","Kaduwela (Kaduwela) · Sri Lanka","false","TopJobs Software Development","2026-09-09T18:30:00.000Z","2026-09-20T16:21:43.469Z","2026-09-20T16:21:43.469Z","new","https://www.topjobs.lk/employer/JobAdvertismentServlet?rid=114&ac=DEFZZZ&jc=0001546656&ec=DEFZZZ&pg=applicant/vacancybyfunctionalarea.jsp"
"AI Engineer | Senior AI Engineer - India (Remote)","HRC Labs","Colombo 8 · Sri Lanka","true","TopJobs Software Development","2026-09-09T18:30:00.000Z","2026-09-20T16:21:43.469Z","2026-09-20T16:21:43.469Z","new","https://www.topjobs.lk/employer/JobAdvertismentServlet?rid=108&ac=DEFZZZ&jc=0001546898&ec=DEFZZZ&pg=applicant/vacancybyfunctionalarea.jsp"
"Senior Data Engineer - India (Remote)","HRC Labs","Colombo 8 · Sri Lanka","true","TopJobs Software Development","2026-09-09T18:30:00.000Z","2026-09-20T16:21:43.469Z","2026-09-20T16:21:43.469Z","new","https://www.topjobs.lk/employer/JobAdvertismentServlet?rid=109&ac=DEFZZZ&jc=0001546897&ec=DEFZZZ&pg=applicant/vacancybyfunctionalarea.jsp"
"Data Engineer (2 Years FTC) (1)","Michelin","Ekala · Sri Lanka","false","TopJobs Software Development","2026-09-09T18:30:00.000Z","2026-09-20T16:21:43.469Z","2026-09-20T16:21:43.469Z","new","https://www.topjobs.lk/employer/JobAdvertismentServlet?rid=112&ac=0000000160&jc=0001546664&ec=0000000192&pg=applicant/vacancybyfunctionalarea.jsp"
"Associate Software Engineer (Backend)","NEWNOP","Colombo · Sri Lanka","false","ITPro Software Engineering","2026-09-09T15:48:48.000Z","2026-09-20T16:21:20.419Z","2026-09-20T16:21:20.419Z","new","https://itpro.lk/job/15053/associate-software-engineer-backend-at-newnop/"
"Software Engineer Intern","Samuel Gnanam IT Centre","Jaffna · Sri Lanka","false","ITPro Software Engineering","2026-09-09T14:51:03.000Z","2026-09-20T16:21:20.419Z","2026-09-20T16:21:20.419Z","new","https://itpro.lk/job/15051/software-engineer-intern-at-samuel-gnanam-it-centre/"
"Senior Software Engineer (Backend)","Ucombinator","Colombo · Sri Lanka","false","ITPro Software Engineering","2026-09-09T03:31:34.000Z","2026-09-20T16:21:20.419Z","2026-09-20T16:21:20.419Z","new","https://itpro.lk/job/15041/senior-software-engineer-backend-at-ucombinator/"
"Software Engineer (Backend)","Ucombinator","Colombo · Sri Lanka","false","ITPro Software Engineering","2026-09-09T03:30:27.000Z","2026-09-20T16:21:20.419Z","2026-09-20T16:21:20.419Z","new","https://itpro.lk/job/15040/software-engineer-backend-at-ucombinator/"
"Senior Fullstack Engineer","Ucombinator","Colombo · Sri Lanka","false","ITPro Software Engineering","2026-09-09T03:29:11.000Z","2026-09-20T16:21:20.419Z","2026-09-20T16:21:20.419Z","new","https://itpro.lk/job/15039/senior-fullstack-engineer-at-ucombinator/"
"Intern - Software Engineer","SRIQ Corporation","Colombo · Sri Lanka","false","ITPro Software Engineering","2026-09-09T03:20:21.000Z","2026-09-20T16:21:20.419Z","2026-09-20T16:21:20.419Z","new","https://itpro.lk/job/15037/intern-software-engineer-at-sriq-corporation/"
"Manager - Management Information Systems (MIS)","CBC Finance PLC","Kandy · Sri Lanka","false","TopJobs Software Development","2026-09-08T18:30:00.000Z","2026-09-20T16:21:43.469Z","2026-09-20T16:21:43.469Z","new","https://www.topjobs.lk/employer/JobAdvertismentServlet?rid=121&ac=DEFZZZ&jc=0001545890&ec=DEFZZZ&pg=applicant/vacancybyfunctionalarea.jsp"
"AI / MACHINE LEARNING ENGINEER (1)","Maritime Placements (Pvt) Ltd","Colombo · Sri Lanka","false","TopJobs Software Development","2026-09-08T18:30:00.000Z","2026-09-20T16:21:43.469Z","2026-09-20T16:21:43.469Z","new","https://www.topjobs.lk/employer/JobAdvertismentServlet?rid=120&ac=0000000023&jc=0001546026&ec=0000000023&pg=applicant/vacancybyfunctionalarea.jsp"
"Intern - IT Technician","International Trimmings & Labels Lanka (Pvt) Ltd","Thalawathugoda · Sri Lanka","false","TopJobs Software Development","2026-09-08T18:30:00.000Z","2026-09-20T16:21:43.469Z","2026-09-20T16:21:43.469Z","new","https://www.topjobs.lk/employer/JobAdvertismentServlet?rid=119&ac=DEFZZZ&jc=0001546134&ec=DEFZZZ&pg=applicant/vacancybyfunctionalarea.jsp"
"Intern Software Engineer (Work From Home)","Yumarone Labz","All island · Sri Lanka","true","TopJobs Software Development","2026-09-07T18:30:00.000Z","2026-09-20T16:21:43.469Z","2026-09-20T16:21:43.469Z","new","https://www.topjobs.lk/employer/JobAdvertismentServlet?rid=125&ac=DEFZZZ&jc=0001545472&ec=DEFZZZ&pg=applicant/vacancybyfunctionalarea.jsp"
"Intern - Software Engineering (1)","Fortude","Location not listed · Sri Lanka","false","TopJobs Software Development","2026-09-07T18:30:00.000Z","2026-09-20T16:21:43.469Z","2026-09-20T16:21:43.469Z","new","https://www.topjobs.lk/employer/JobAdvertismentServlet?rid=123&ac=0000000438&jc=0001545772&ec=0000000577&pg=applicant/vacancybyfunctionalarea.jsp"
"Cybersecurity Products - Support Engineer","eBuilder","Colombo 5 · Sri Lanka","false","TopJobs Software Development","2026-09-07T18:30:00.000Z","2026-09-20T16:21:43.469Z","2026-09-20T16:21:43.469Z","new","https://www.topjobs.lk/employer/JobAdvertismentServlet?rid=124&ac=DEFZZZ&jc=0001545570&ec=DEFZZZ&pg=applicant/vacancybyfunctionalarea.jsp"
"Senior Software Engineer (Remote)","Xact Accounting","All island · Sri Lanka","true","TopJobs Software Development","2026-09-07T18:30:00.000Z","2026-09-20T16:21:43.469Z","2026-09-20T16:21:43.469Z","new","https://www.topjobs.lk/employer/JobAdvertismentServlet?rid=128&ac=DEFZZZ&jc=0001545352&ec=DEFZZZ&pg=applicant/vacancybyfunctionalarea.jsp"
"IT Technician (1)","Informatics Group of Companies","Location not listed · Sri Lanka","false","TopJobs Software Development","2026-09-07T18:30:00.000Z","2026-09-20T16:21:43.469Z","2026-09-20T16:21:43.469Z","new","https://www.topjobs.lk/employer/JobAdvertismentServlet?rid=126&ac=0000000141&jc=0001545433&ec=0000000159&pg=applicant/vacancybyfunctionalarea.jsp"
"Intern - Data Analytics","UTE CAT","Wattala (Wattala) · Sri Lanka","false","TopJobs Software Development","2026-09-07T18:30:00.000Z","2026-09-20T16:21:43.469Z","2026-09-20T16:21:43.469Z","new","https://www.topjobs.lk/employer/JobAdvertismentServlet?rid=127&ac=DEFZZZ&jc=0001545411&ec=DEFZZZ&pg=applicant/vacancybyfunctionalarea.jsp"
"Software Engineer – Integrations","Softvil Technologies","Colombo · Sri Lanka","false","ITPro Software Engineering","2026-09-07T12:30:09.000Z","2026-09-20T16:21:20.419Z","2026-09-20T16:21:20.419Z","new","https://itpro.lk/job/15018/software-engineer-%e2%80%93-integrations-at-softvil-technologies/"
"Senior Engineer – Databricks","Softvil Technologies","Colombo · Sri Lanka","false","ITPro Software Engineering","2026-09-07T12:25:37.000Z","2026-09-20T16:21:20.419Z","2026-09-20T16:21:20.419Z","new","https://itpro.lk/job/15017/senior-engineer-%e2%80%93-databricks-at-softvil-technologies/"
"Senior / Lead Software Developer (.NET)","CK Orbits","Remote · Sri Lanka","true","ITPro Software Engineering","2026-09-07T11:58:36.000Z","2026-09-20T16:21:20.419Z","2026-09-20T16:21:20.419Z","new","https://itpro.lk/job/15015/senior-lead-software-developer-net-at-ck-orbits/"
"Software Engineering Internship","D HELP HUB Private Limited","Remote · Sri Lanka","true","ITPro Software Engineering","2026-09-07T01:48:24.000Z","2026-09-20T16:21:20.419Z","2026-09-20T16:21:20.419Z","new","https://itpro.lk/job/15008/software-engineering-internship-at-d-help-hub-private-limited/"
"Tier III Service Desk Engineer","Unio Digital","Worldwide","true","Remotive","2026-09-07T01:10:43.000Z","2026-09-20T15:38:45.547Z","2026-09-20T15:38:45.547Z","new","https://remotive.com/remote-jobs/information-technology/tier-iii-service-desk-engineer-2091045"
"IT Assistant - Graphics, Python & AI (Claude)","Company Name Withheld","Colombo 3 · Sri Lanka","false","TopJobs Software Development","2026-09-06T18:30:00.000Z","2026-09-20T16:21:43.469Z","2026-09-20T16:21:43.469Z","new","https://www.topjobs.lk/employer/JobAdvertismentServlet?rid=129&ac=DEFZZZ&jc=0001545188&ec=DEFZZZ&pg=applicant/vacancybyfunctionalarea.jsp"
"Associate UI/UX Engineer (1)","Browns Group Of Companies","Location not listed · Sri Lanka","false","TopJobs Software Development","2026-09-06T18:30:00.000Z","2026-09-20T16:21:43.469Z","2026-09-20T16:21:43.469Z","new","https://www.topjobs.lk/employer/JobAdvertismentServlet?rid=139&ac=0000000221&jc=0001544825&ec=0000000264&pg=applicant/vacancybyfunctionalarea.jsp"
"Python Backend Developers","Seren IT Services","Colombo 3 · Sri Lanka","false","TopJobs Software Development","2026-09-06T18:30:00.000Z","2026-09-20T16:21:43.469Z","2026-09-20T16:21:43.469Z","new","https://www.topjobs.lk/employer/JobAdvertismentServlet?rid=136&ac=DEFZZZ&jc=0001544921&ec=DEFZZZ&pg=applicant/vacancybyfunctionalarea.jsp"
"Technical Support Engineer","Whale Cloud Lanka","Colombo 3 · Sri Lanka","false","TopJobs Software Development","2026-09-06T18:30:00.000Z","2026-09-20T16:21:43.469Z","2026-09-20T16:21:43.469Z","new","https://www.topjobs.lk/employer/JobAdvertismentServlet?rid=134&ac=DEFZZZ&jc=0001545044&ec=DEFZZZ&pg=applicant/vacancybyfunctionalarea.jsp"
"Frontend Developer - React","Wisdom RecruitmentS","Remote · Sri Lanka","true","ITPro Software Engineering","2026-09-06T09:40:30.000Z","2026-09-20T16:21:20.419Z","2026-09-20T16:21:20.419Z","new","https://itpro.lk/job/15004/frontend-developer-react-at-wisdom-recruitments/"
"Software Engineer Internship","Explore Vacations & Travels (Pvt) Ltd","Seeduwa · Sri Lanka","false","ITPro Software Engineering","2026-09-05T23:43:33.000Z","2026-09-20T16:21:20.419Z","2026-09-20T16:21:20.419Z","new","https://itpro.lk/job/15002/software-engineer-internship-at-explore-vacations-travels-pvt-ltd/"
"Intern - Full Stack Developer","Amez Cloud","Kandy · Sri Lanka","false","ITPro Software Engineering","2026-09-05T11:47:55.000Z","2026-09-20T16:21:20.419Z","2026-09-20T16:21:20.419Z","new","https://itpro.lk/job/14996/intern-full-stack-developer-at-amez-cloud/"
"Associate Software Engineer (Full Stack)","DeepSea Coders","Colombo · Sri Lanka","false","ITPro Software Engineering","2026-09-05T09:56:37.000Z","2026-09-20T16:21:20.419Z","2026-09-20T16:21:20.419Z","new","https://itpro.lk/job/14995/associate-software-engineer-full-stack/"
"Associate Software Engineer","Boffo System Labs","Colombo · Sri Lanka","false","ITPro Software Engineering","2026-09-05T09:31:02.000Z","2026-09-20T16:21:20.419Z","2026-09-20T16:21:20.419Z","new","https://itpro.lk/job/14991/associate-software-engineer-at-boffo-system-labs/"
"Software Engineering Internship","Ara AI Technologies (Pvt) Ltd","Jaffna · Sri Lanka","false","ITPro Software Engineering","2026-09-04T16:34:07.000Z","2026-09-20T16:21:20.419Z","2026-09-20T16:21:20.419Z","new","https://itpro.lk/job/14988/software-engineering-internship-at-ara-ai-technologies-pvt-ltd/"
"Associate Software Engineer","Sapirox","Matara · Sri Lanka","false","ITPro Software Engineering","2026-09-04T11:54:14.000Z","2026-09-20T16:21:20.419Z","2026-09-20T16:21:20.419Z","new","https://itpro.lk/job/14987/associate-software-engineer-at-sapirox/"
"Software Development Intern – Application Support","Procons Infotech (Pvt) Ltd","Colombo · Sri Lanka","false","ITPro Software Engineering","2026-09-04T11:17:10.000Z","2026-09-20T16:21:20.419Z","2026-09-20T16:21:20.419Z","new","https://itpro.lk/job/14550/software-development-intern-%e2%80%93-application-support-at-procons-infotech-pvt-ltd/"
"Intern - Software Engineering","Hayleys Aventura","Colombo · Sri Lanka","false","ITPro Software Engineering","2026-09-04T09:23:58.000Z","2026-09-20T16:21:20.419Z","2026-09-20T16:21:20.419Z","new","https://itpro.lk/job/14982/intern-software-engineering-at-hayleys-aventura/"
"Senior Developer","Digit Web Lanka (Pvt) Ltd","Thirunelvely · Sri Lanka","false","ITPro Software Engineering","2026-09-04T03:42:25.000Z","2026-09-20T16:21:20.419Z","2026-09-20T16:21:20.419Z","new","https://itpro.lk/job/14977/senior-developer-at-digit-web-lanka-pvt-ltd/"
"ERP Software Engineer/ Senior Software Engineer","SANKARAA Tech","Colombo · Sri Lanka","false","ITPro Software Engineering","2026-09-03T20:40:58.000Z","2026-09-20T16:21:20.419Z","2026-09-20T16:21:20.419Z","new","https://itpro.lk/job/14976/erp-software-engineer-senior-software-engineer-at-sankaraa-tech/"
"Freelance Copywriter","Coalition Technologies ","Worldwide","true","Remotive","2026-09-02T19:59:53.000Z","2026-09-20T15:38:45.547Z","2026-09-20T15:38:45.547Z","new","https://remotive.com/remote-jobs/writing/freelance-copywriter-1749306"
"Senior Software Tech Lead","Emerald Clothing Private Limited","Colombo · Sri Lanka","false","ITPro Software Engineering","2026-09-02T13:12:17.000Z","2026-09-20T16:21:20.419Z","2026-09-20T16:21:20.419Z","new","https://itpro.lk/job/14960/senior-software-tech-lead-at-emerald-clothing-private-limited/"
"Software Engineer Intern","DartCodes (PVT) LTD","Moratuwa · Sri Lanka","false","ITPro Software Engineering","2026-09-02T11:22:39.000Z","2026-09-20T16:21:20.419Z","2026-09-20T16:21:20.419Z","new","https://itpro.lk/job/14957/software-engineer-intern-at-dartcodes-pvt-ltd/"
"Software Engineering Intern","KMK Group","Kurunegala · Sri Lanka","false","ITPro Software Engineering","2026-09-02T09:55:17.000Z","2026-09-20T16:21:20.419Z","2026-09-20T16:21:20.419Z","new","https://itpro.lk/job/14952/software-engineering-intern-at-kmk-group/"
"Data Governance Officer  (1)","Browns Group Of Companies","Location not listed · Sri Lanka","false","TopJobs Software Development","2026-09-01T18:30:00.000Z","2026-09-20T16:21:43.469Z","2026-09-20T16:21:43.469Z","new","https://www.topjobs.lk/employer/JobAdvertismentServlet?rid=140&ac=0000000221&jc=0001543137&ec=0000000264&pg=applicant/vacancybyfunctionalarea.jsp"
"Shopify Developer","Asiawise Lanka (Pvt) Ltd","All island · Sri Lanka","false","TopJobs Software Development","2026-09-01T18:30:00.000Z","2026-09-20T16:21:43.469Z","2026-09-20T16:21:43.469Z","new","https://www.topjobs.lk/employer/JobAdvertismentServlet?rid=141&ac=DEFZZZ&jc=0001543114&ec=DEFZZZ&pg=applicant/vacancybyfunctionalarea.jsp"
"Senior React Full-stack Developer","Lemon.io","LATAM, Europe, USA, Canada, APAC","true","Remotive","2026-08-27T14:36:09.000Z","2026-09-20T15:38:45.547Z","2026-09-20T15:38:45.547Z","new","https://remotive.com/remote-jobs/software-development/senior-react-full-stack-developer-2091101"
"Senior QA Engineer","Lemon.io","Europe","true","Remotive","2026-08-26T13:10:58.000Z","2026-09-20T15:38:45.547Z","2026-09-20T15:38:45.547Z","new","https://remotive.com/remote-jobs/qa/senior-qa-engineer-2091100"
"Senior DevOps Engineer","Lemon.io","LATAM, Europe, USA, Canada, APAC","true","Remotive","2026-08-25T13:57:53.000Z","2026-09-20T15:38:45.547Z","2026-09-20T15:38:45.547Z","new","https://remotive.com/remote-jobs/devops/senior-devops-engineer-2091099"
"Senior Golang Developer","Lemon.io","Europe, USA, UK, Canada, Australia, Singapore","true","Remotive","2026-08-20T13:30:47.000Z","2026-09-20T15:38:45.547Z","2026-09-20T15:38:45.547Z","new","https://remotive.com/remote-jobs/software-development/senior-golang-developer-2091098"